/*
Empresa        : EurekaBank
Script         : Carga de datos
Base de Datos  : EurekaBankDb
*/

USE [EurekaBankDb];
GO

-- ============================================================
-- Limpieza (orden respetando llaves foraneas)
-- ============================================================
DELETE FROM [dbo].[transactions];
DELETE FROM [dbo].[accounts];
DELETE FROM [dbo].[clients];
DELETE FROM [dbo].[users];
DELETE FROM [dbo].[parameters];

-- Reiniciar secuencias para mantener IDs predecibles en esta carga
DBCC CHECKIDENT ('[dbo].[users]', RESEED, 0);
DBCC CHECKIDENT ('[dbo].[clients]', RESEED, 0);
DBCC CHECKIDENT ('[dbo].[accounts]', RESEED, 0);
DBCC CHECKIDENT ('[dbo].[transactions]', RESEED, 0);
DBCC CHECKIDENT ('[dbo].[parameters]', RESEED, 0);
GO

-- ============================================================
-- Tabla: users (generada desde clientes historicos)
-- ============================================================
SET IDENTITY_INSERT [dbo].[users] ON;
GO
INSERT INTO [dbo].[users] ([Id], [Password], [Role], [Status], [Username]) VALUES
(2,  '123456', 'USER', 'ACTIVE', 'cli00001'),
(3,  '123456', 'USER', 'ACTIVE', 'cli00003'),
(4,  '123456', 'USER', 'ACTIVE', 'cli00004'),
(5,  '123456', 'USER', 'ACTIVE', 'cli00005'),
(6,  '123456', 'USER', 'ACTIVE', 'cli00006'),
(7,  '123456', 'USER', 'ACTIVE', 'cli00007'),
(8,  '123456', 'USER', 'ACTIVE', 'cli00008'),
(9,  '123456', 'USER', 'ACTIVE', 'cli00009'),
(10, '123456', 'USER', 'ACTIVE', 'cli00010'),
(11, '123456', 'USER', 'ACTIVE', 'cli00011'),
(12, '123456', 'USER', 'ACTIVE', 'cli00012'),
(13, '123456', 'USER', 'ACTIVE', 'cli00013'),
(14, '123456', 'USER', 'ACTIVE', 'cli00014'),
(15, '123456', 'USER', 'ACTIVE', 'cli00015'),
(16, '123456', 'USER', 'ACTIVE', 'cli00016'),
(17, '123456', 'USER', 'ACTIVE', 'cli00017'),
(18, '123456', 'USER', 'ACTIVE', 'cli00018'),
(19, '123456', 'USER', 'ACTIVE', 'cli00019'),
(20, '123456', 'USER', 'ACTIVE', 'cli00020');
GO
SET IDENTITY_INSERT [dbo].[users] OFF;
GO

-- ============================================================
-- Tabla: clients (adaptada desde tabla cliente)
-- ============================================================
SET IDENTITY_INSERT [dbo].[clients] ON;
GO
INSERT INTO [dbo].[clients] ([Id], [Dni], [Email], [Name], [Phone], [Status], [UserId]) VALUES
(1,  '06914897', 'gcoronel@viabcp.com',         'CORONEL CASTILLO ERIC GUSTAVO',      '9666-4457',  'ACTIVE', 2),
(2,  '01576173', 'pvalencia@terra.com.pe',      'VALENCIA MORALES PEDRO HUGO',         '924-7834',   'ACTIVE', 3),
(3,  '06531983', 'c.romero@hotmail.com',        'ROMERO CASTILLO CARLOS ALBERTO',      '865-84762',  'ACTIVE', 4),
(4,  '10875611', 'a.aranda@hotmail.com',        'ARANDA LUNA ALAN ALBERTO',            '834-67125',  'ACTIVE', 5),
(5,  '10679245', 'j.ayala@yahoo.com',           'AYALA PAZ JORGE LUIS',                '963-34769',  'ACTIVE', 6),
(6,  '10145693', 'e.chavez@gmail.com',          'CHAVEZ CANALES EDGAR RAFAEL',         '999-96673',  'ACTIVE', 7),
(7,  '10773456', 'r.florez@hotmail.com',        'FLORES CHAFLOQUE ROSA LIZET',         '966-87567',  'ACTIVE', 8),
(8,  '10346723', 'c.flores@hotmail.com',        'FLORES CASTILLO CRISTIAN RAFAEL',     '978-43768',  'ACTIVE', 9),
(9,  '10192376', 'g.gonzales@yahoo.es',         'GONZALES GARCIA GABRIEL ALEJANDRO',   '945-56782',  'ACTIVE', 10),
(10, '10942287', 'j.lay@peru.com',              'LAY VALLEJOS JUAN CARLOS',            '956-12657',  'ACTIVE', 11),
(11, '10612376', 'd.montalvo@hotmail.com',      'MONTALVO SOTO DEYSI LIDIA',           '965-67235',  'ACTIVE', 12),
(12, '10761324', 'r.ricalde@gmail.com',         'RICALDE RAMIREZ ROSARIO ESMERALDA',   '991-23546',  'ACTIVE', 13),
(13, '10773345', 'e.rodriguez@gmail.com',       'RODRIGUEZ FLORES ENRIQUE MANUEL',     '976-82838',  'ACTIVE', 14),
(14, '10238943', 'f.rojas@yahoo.com',           'ROJAS OSCANOA FELIX NINO',            '962-32158',  'ACTIVE', 15),
(15, '10446791', 't.tejada@hotmail.com',        'TEJADA DEL AGUILA TANIA LORENA',      '966-23854',  'ACTIVE', 16),
(16, '10452682', 'r.valdivieso@terra.com.pe',   'VALDEVIESO LEYVA LIDIA ROXANA',       '956-78951',  'ACTIVE', 17),
(17, '10398247', 'j.valentin@terra.com.pe',     'VALENTIN COTRINA JUAN DIEGO',         '921-12456',  'ACTIVE', 18),
(18, '10934584', 'y.yauricasa@terra.com.pe',    'YAURICASA BAUTISTA YESABETH',         '977-75777',  'ACTIVE', 19),
(19, '10772365', 'f.zegarra@hotmail.com',       'ZEGARRA GARCIA FERNANDO MOISES',      '936-45876',  'ACTIVE', 20);
GO
SET IDENTITY_INSERT [dbo].[clients] OFF;
GO

-- ============================================================
-- Tabla: accounts (adaptada desde tabla cuenta)
-- ============================================================
SET IDENTITY_INSERT [dbo].[accounts] ON;
GO
INSERT INTO [dbo].[accounts] ([Id], [AccountNumber], [Balance], [Status], [Type], [ClientId]) VALUES
(1, '00200001', 7000.00, 'ACTIVE',    'SAVINGS', 1),
(2, '00200002', 6800.00, 'ACTIVE',    'SAVINGS', 2),
(3, '00200003', 6000.00, 'ACTIVE',    'SAVINGS', 7),
(4, '00100001', 6900.00, 'ACTIVE',    'SAVINGS', 5),
(5, '00100002', 4500.00, 'ACTIVE',    'SAVINGS', 5),
(6, '00300001',    0.00, 'ACTIVE', 'SAVINGS', 10);
GO
SET IDENTITY_INSERT [dbo].[accounts] OFF;
GO

-- ============================================================
-- Tabla: transactions (adaptada desde tabla movimiento)
-- TYPE conserva naturaleza del movimiento: DEPOSIT/WITHDRAW
-- ============================================================
INSERT INTO [dbo].[transactions] ([Amount], [Date], [Description], [Fee], [TransferType], [Type], [SourceAccountId], [TargetAccountId]) VALUES
(1800.00, '2022-01-08T00:00:00.000000', 'Apertura de Cuenta', NULL, NULL, 'DEPOSIT', 4, NULL),
(1000.00, '2022-01-25T00:00:00.000000', 'Retiro',             NULL, NULL, 'WITHDRAW',  4, NULL),
(2200.00, '2022-02-13T00:00:00.000000', 'Deposito',           NULL, NULL, 'DEPOSIT', 4, NULL),
(1500.00, '2022-03-08T00:00:00.000000', 'Deposito',           NULL, NULL, 'DEPOSIT', 4, NULL),

(2800.00, '2022-01-06T00:00:00.000000', 'Apertura de Cuenta', NULL, NULL, 'DEPOSIT', 5, NULL),
(3200.00, '2022-01-15T00:00:00.000000', 'Deposito',           NULL, NULL, 'DEPOSIT', 5, NULL),
( 800.00, '2022-01-20T00:00:00.000000', 'Retiro',             NULL, NULL, 'WITHDRAW',  5, NULL),
(2000.00, '2022-02-14T00:00:00.000000', 'Deposito',           NULL, NULL, 'DEPOSIT', 5, NULL),
( 500.00, '2022-02-25T00:00:00.000000', 'Retiro',             NULL, NULL, 'WITHDRAW',  5, NULL),
( 800.00, '2022-03-03T00:00:00.000000', 'Retiro',             NULL, NULL, 'WITHDRAW',  5, NULL),
(1000.00, '2022-03-15T00:00:00.000000', 'Deposito',           NULL, NULL, 'DEPOSIT', 5, NULL),

(2500.00, '2022-01-11T00:00:00.000000', 'Apertura de Cuenta', NULL, NULL, 'DEPOSIT', 3, NULL),
(1500.00, '2022-01-17T00:00:00.000000', 'Deposito',           NULL, NULL, 'DEPOSIT', 3, NULL),
( 500.00, '2022-01-20T00:00:00.000000', 'Retiro',             NULL, NULL, 'WITHDRAW',  3, NULL),
( 500.00, '2022-02-09T00:00:00.000000', 'Retiro',             NULL, NULL, 'WITHDRAW',  3, NULL),
(3500.00, '2022-02-25T00:00:00.000000', 'Deposito',           NULL, NULL, 'DEPOSIT', 3, NULL),
( 500.00, '2022-03-11T00:00:00.000000', 'Retiro',             NULL, NULL, 'WITHDRAW',  3, NULL),

(3800.00, '2022-01-09T00:00:00.000000', 'Apertura de Cuenta', NULL, NULL, 'DEPOSIT', 2, NULL),
(4200.00, '2022-01-20T00:00:00.000000', 'Deposito',           NULL, NULL, 'DEPOSIT', 2, NULL),
(1200.00, '2022-03-06T00:00:00.000000', 'Retiro',             NULL, NULL, 'WITHDRAW',  2, NULL),

(5000.00, '2022-01-05T00:00:00.000000', 'Apertura de Cuenta', NULL, NULL, 'DEPOSIT', 1, NULL),
(4000.00, '2022-01-07T00:00:00.000000', 'Deposito',           NULL, NULL, 'DEPOSIT', 1, NULL),
(2000.00, '2022-01-09T00:00:00.000000', 'Retiro',             NULL, NULL, 'WITHDRAW',  1, NULL),
(1000.00, '2022-01-11T00:00:00.000000', 'Deposito',           NULL, NULL, 'DEPOSIT', 1, NULL),
(2000.00, '2022-01-13T00:00:00.000000', 'Deposito',           NULL, NULL, 'DEPOSIT', 1, NULL),
(4000.00, '2022-01-15T00:00:00.000000', 'Retiro',             NULL, NULL, 'WITHDRAW',  1, NULL),
(2000.00, '2022-01-19T00:00:00.000000', 'Deposito',           NULL, NULL, 'DEPOSIT', 1, NULL),
(3000.00, '2022-01-21T00:00:00.000000', 'Retiro',             NULL, NULL, 'WITHDRAW',  1, NULL),
(7000.00, '2022-01-23T00:00:00.000000', 'Deposito',           NULL, NULL, 'DEPOSIT', 1, NULL),
(1000.00, '2022-01-27T00:00:00.000000', 'Retiro',             NULL, NULL, 'WITHDRAW',  1, NULL),
(3000.00, '2022-01-30T00:00:00.000000', 'Retiro',             NULL, NULL, 'WITHDRAW',  1, NULL),
(2000.00, '2022-02-04T00:00:00.000000', 'Deposito',           NULL, NULL, 'DEPOSIT', 1, NULL),
(4000.00, '2022-02-08T00:00:00.000000', 'Retiro',             NULL, NULL, 'WITHDRAW',  1, NULL),
(2000.00, '2022-02-13T00:00:00.000000', 'Deposito',           NULL, NULL, 'DEPOSIT', 1, NULL),
(1000.00, '2022-02-19T00:00:00.000000', 'Retiro',             NULL, NULL, 'WITHDRAW',  1, NULL),

(5600.00, '2022-01-07T00:00:00.000000', 'Apertura de Cuenta', NULL, NULL, 'DEPOSIT', 6, NULL),
(1400.00, '2022-01-18T00:00:00.000000', 'Deposito',           NULL, NULL, 'DEPOSIT', 6, NULL),
(7000.00, '2022-01-25T00:00:00.000000', 'Cancelar Cuenta',    NULL, NULL, 'WITHDRAW',  6, NULL);

